breakout_level,checks,close,date,first_fail,gain_pct,high,k0_date,k1_date,k1_high,k2_date,k2_high,open,pass,symbol
26.7,"{'bullish': False, 'gain_ge_4pct': False, 'high_gt_k1': False, 'high_gt_k2': False, 'close_gt_prev_2_highs': False}",25.35,2026-10-02T00:00:00.000,bullish,-0.7827788649706457,25.75,2026-10-02,2026-10-01,26.4,2026-09-30,26.7,25.75,False,1101
35.9,"{'bullish': True, 'gain_ge_4pct': False, 'high_gt_k1': False, 'high_gt_k2': False, 'close_gt_prev_2_highs': False}",35.6,2026-10-02T00:00:00.000,gain_ge_4pct,-0.14025245441794398,35.7,2026-10-02,2026-10-01,35.9,2026-09-30,35.8,35.5,False,1102
69.2,"{'bullish': True, 'gain_ge_4pct': False, 'high_gt_k1': True, 'high_gt_k2': True, 'close_gt_prev_2_highs': False}",68.3,2026-10-02T00:00:00.000,gain_ge_4pct,2.2455089820359264,69.6,2026-10-02,2026-10-01,69.2,2026-09-30,68.4,67.0,False,1301
265.0,"{'bullish': True, 'gain_ge_4pct': False, 'high_gt_k1': False, 'high_gt_k2': False, 'close_gt_prev_2_highs': False}",260.0,2026-10-02T00:00:00.000,gain_ge_4pct,2.3622047244094446,261.0,2026-10-02,2026-10-01,261.5,2026-09-30,265.0,253.0,False,1303
12.75,"{'bullish': True, 'gain_ge_4pct': False, 'high_gt_k1': True, 'high_gt_k2': True, 'close_gt_prev_2_highs': False}",12.7,2026-10-02T00:00:00.000,gain_ge_4pct,2.008032128514059,12.85,2026-10-02,2026-10-01,12.7,2026-09-30,12.75,12.45,False,1304
9.14,"{'bullish': True, 'gain_ge_4pct': False, 'high_gt_k1': False, 'high_gt_k2': False, 'close_gt_prev_2_highs': False}",8.95,2026-10-02T00:00:00.000,gain_ge_4pct,0.6749156355455366,9.03,2026-10-02,2026-10-01,9.14,2026-09-30,9.07,8.83,False,1314
169.0,"{'bullish': True, 'gain_ge_4pct': False, 'high_gt_k1': False, 'high_gt_k2': False, 'close_gt_prev_2_highs': False}",167.5,2026-10-02T00:00:00.000,gain_ge_4pct,0.6006006006006093,167.5,2026-10-02,2026-10-01,169.0,2026-09-30,169.0,166.5,False,1513
26.5,"{'bullish': False, 'gain_ge_4pct': False, 'high_gt_k1': False, 'high_gt_k2': False, 'close_gt_prev_2_highs': False}",24.75,2026-10-02T00:00:00.000,bullish,-1.0000000000000009,25.15,2026-10-02,2026-10-01,25.55,2026-09-30,26.5,25.05,False,1528
1015.0,"{'bullish': True, 'gain_ge_4pct': False, 'high_gt_k1': True, 'high_gt_k2': True, 'close_gt_prev_2_highs': False}",1015.0,2026-10-02T00:00:00.000,gain_ge_4pct,1.4999999999999902,1030.0,2026-10-02,2026-10-01,1015.0,2026-09-30,971.0,1005.0,False,1560
66.0,"{'bullish': True, 'gain_ge_4pct': True, 'high_gt_k1': True, 'high_gt_k2': True, 'close_gt_prev_2_highs': True}",66.5,2026-10-02T00:00:00.000,,4.2319749216300995,68.6,2026-10-02,2026-10-01,64.8,2026-09-30,66.0,64.0,True,1569
91.0,"{'bullish': False, 'gain_ge_4pct': False, 'high_gt_k1': False, 'high_gt_k2': False, 'close_gt_prev_2_highs': False}",79.3,2026-10-02T00:00:00.000,bullish,-4.801920768307322,83.2,2026-10-02,2026-10-01,91.0,2026-09-30,85.3,83.1,False,1595
39.1,"{'bullish': True, 'gain_ge_4pct': False, 'high_gt_k1': True, 'high_gt_k2': True, 'close_gt_prev_2_highs': False}",38.75,2026-10-02T00:00:00.000,gain_ge_4pct,0.5188067444876765,39.5,2026-10-02,2026-10-01,39.1,2026-09-30,38.8,38.35,False,1605
39.3,"{'bullish': False, 'gain_ge_4pct': False, 'high_gt_k1': False, 'high_gt_k2': False, 'close_gt_prev_2_highs': False}",38.55,2026-10-02T00:00:00.000,bullish,-0.387596899224818,39.0,2026-10-02,2026-10-01,39.3,2026-09-30,39.0,38.65,False,1609
53.2,"{'bullish': True, 'gain_ge_4pct': True, 'high_gt_k1': True, 'high_gt_k2': True, 'close_gt_prev_2_highs': True}",58.5,2026-10-02T00:00:00.000,,9.962406015037594,58.5,2026-10-02,2026-10-01,53.2,2026-09-30,48.4,55.5,True,1709
117.0,"{'bullish': True, 'gain_ge_4pct': True, 'high_gt_k1': True, 'high_gt_k2': True, 'close_gt_prev_2_highs': True}",123.0,2026-10-02T00:00:00.000,,9.82142857142858,123.0,2026-10-02,2026-10-01,116.0,2026-09-30,117.0,111.0,True,1727
48.6,"{'bullish': True, 'gain_ge_4pct': False, 'high_gt_k1': True, 'high_gt_k2': True, 'close_gt_prev_2_highs': False}",47.55,2026-10-02T00:00:00.000,gain_ge_4pct,3.934426229508192,48.8,2026-10-02,2026-10-01,47.75,2026-09-30,48.6,45.55,False,1809
87.0,"{'bullish': True, 'gain_ge_4pct': False, 'high_gt_k1': False, 'high_gt_k2': False, 'close_gt_prev_2_highs': False}",86.6,2026-10-02T00:00:00.000,gain_ge_4pct,2.3640661938534313,86.7,2026-10-02,2026-10-01,86.7,2026-09-30,87.0,85.0,False,2006
25.0,"{'bullish': True, 'gain_ge_4pct': False, 'high_gt_k1': False, 'high_gt_k2': False, 'close_gt_prev_2_highs': False}",24.0,2026-10-02T00:00:00.000,gain_ge_4pct,1.6949152542372836,24.5,2026-10-02,2026-10-01,24.9,2026-09-30,25.0,23.9,False,2034
27.35,"{'bullish': True, 'gain_ge_4pct': False, 'high_gt_k1': False, 'high_gt_k2': False, 'close_gt_prev_2_highs': False}",25.95,2026-10-02T00:00:00.000,gain_ge_4pct,0.7766990291262044,26.7,2026-10-02,2026-10-01,27.2,2026-09-30,27.35,25.7,False,2069
11.35,"{'bullish': True, 'gain_ge_4pct': False, 'high_gt_k1': False, 'high_gt_k2': True, 'close_gt_prev_2_highs': False}",11.0,2026-10-02T00:00:00.000,gain_ge_4pct,0.0,11.25,2026-10-02,2026-10-01,11.35,2026-09-30,11.2,10.95,False,2104
47.9,"{'bullish': False, 'gain_ge_4pct': False, 'high_gt_k1': False, 'high_gt_k2': False, 'close_gt_prev_2_highs': False}",43.75,2026-10-02T00:00:00.000,bullish,-0.6810442678774065,45.7,2026-10-02,2026-10-01,46.2,2026-09-30,47.9,44.05,False,2241
94.6,"{'bullish': False, 'gain_ge_4pct': False, 'high_gt_k1': True, 'high_gt_k2': True, 'close_gt_prev_2_highs': False}",94.3,2026-10-02T00:00:00.000,bullish,0.2125398512221155,95.0,2026-10-02,2026-10-01,94.6,2026-09-30,93.1,94.3,False,2254
161.5,"{'bullish': True, 'gain_ge_4pct': False, 'high_gt_k1': True, 'high_gt_k2': True, 'close_gt_prev_2_highs': False}",161.5,2026-10-02T00:00:00.000,gain_ge_4pct,0.0,162.5,2026-10-02,2026-10-01,161.5,2026-09-30,158.0,159.0,False,2303
47.95,"{'bullish': True, 'gain_ge_4pct': True, 'high_gt_k1': True, 'high_gt_k2': True, 'close_gt_prev_2_highs': True}",49.65,2026-10-02T00:00:00.000,,5.190677966101687,50.2,2026-10-02,2026-10-01,47.95,2026-09-30,47.95,47.8,True,2338
51.4,"{'bullish': True, 'gain_ge_4pct': False, 'high_gt_k1': True, 'high_gt_k2': True, 'close_gt_prev_2_highs': False}",51.3,2026-10-02T00:00:00.000,gain_ge_4pct,3.951367781155013,52.5,2026-10-02,2026-10-01,50.5,2026-09-30,51.4,49.35,False,2342
61.0,"{'bullish': True, 'gain_ge_4pct': False, 'high_gt_k1': True, 'high_gt_k2': True, 'close_gt_prev_2_highs': True}",62.4,2026-10-02T00:00:00.000,gain_ge_4pct,2.970297029702973,63.5,2026-10-02,2026-10-01,61.0,2026-09-30,59.9,59.8,False,2363
31.6,"{'bullish': True, 'gain_ge_4pct': False, 'high_gt_k1': False, 'high_gt_k2': True, 'close_gt_prev_2_highs': False}",31.1,2026-10-02T00:00:00.000,gain_ge_4pct,1.967213114754096,31.2,2026-10-02,2026-10-01,31.6,2026-09-30,30.8,30.5,False,2371
369.5,"{'bullish': True, 'gain_ge_4pct': False, 'high_gt_k1': True, 'high_gt_k2': True, 'close_gt_prev_2_highs': True}",373.5,2026-10-02T00:00:00.000,gain_ge_4pct,1.3568521031207537,388.0,2026-10-02,2026-10-01,369.0,2026-09-30,369.5,370.0,False,2376
746.0,"{'bullish': False, 'gain_ge_4pct': False, 'high_gt_k1': False, 'high_gt_k2': False, 'close_gt_prev_2_highs': False}",716.0,2026-10-02T00:00:00.000,bullish,-0.9681881051175623,728.0,2026-10-02,2026-10-01,734.0,2026-09-30,746.0,720.0,False,2395
51.3,"{'bullish': False, 'gain_ge_4pct': False, 'high_gt_k1': True, 'high_gt_k2': True, 'close_gt_prev_2_highs': False}",51.2,2026-10-02T00:00:00.000,bullish,-0.19493177387913674,51.9,2026-10-02,2026-10-01,51.3,2026-09-30,50.0,51.2,False,2399
1315.0,"{'bullish': False, 'gain_ge_4pct': False, 'high_gt_k1': True, 'high_gt_k2': True, 'close_gt_prev_2_highs': False}",1285.0,2026-10-02T00:00:00.000,bullish,-1.532567049808431,1355.0,2026-10-02,2026-10-01,1315.0,2026-09-30,1300.0,1320.0,False,2404
522.0,"{'bullish': False, 'gain_ge_4pct': False, 'high_gt_k1': True, 'high_gt_k2': True, 'close_gt_prev_2_highs': True}",526.0,2026-10-02T00:00:00.000,bullish,1.348747591522148,534.0,2026-10-02,2026-10-01,522.0,2026-09-30,520.0,532.0,False,2408
40.0,"{'bullish': True, 'gain_ge_4pct': True, 'high_gt_k1': True, 'high_gt_k2': True, 'close_gt_prev_2_highs': True}",40.45,2026-10-02T00:00:00.000,,5.613577023498717,40.85,2026-10-02,2026-10-01,40.0,2026-09-30,38.55,38.75,True,2409
146.0,"{'bullish': True, 'gain_ge_4pct': False, 'high_gt_k1': True, 'high_gt_k2': True, 'close_gt_prev_2_highs': False}",146.0,2026-10-02T00:00:00.000,gain_ge_4pct,0.3436426116838476,146.5,2026-10-02,2026-10-01,146.0,2026-09-30,145.0,145.0,False,2412
53.6,"{'bullish': False, 'gain_ge_4pct': False, 'high_gt_k1': False, 'high_gt_k2': True, 'close_gt_prev_2_highs': False}",52.3,2026-10-02T00:00:00.000,bullish,1.3565891472868241,52.9,2026-10-02,2026-10-01,53.6,2026-09-30,52.0,52.3,False,2413
77.5,"{'bullish': True, 'gain_ge_4pct': False, 'high_gt_k1': True, 'high_gt_k2': False, 'close_gt_prev_2_highs': False}",76.0,2026-10-02T00:00:00.000,gain_ge_4pct,2.7027027027026973,76.0,2026-10-02,2026-10-01,75.5,2026-09-30,77.5,74.0,False,2436
16.5,"{'bullish': True, 'gain_ge_4pct': True, 'high_gt_k1': True, 'high_gt_k2': False, 'close_gt_prev_2_highs': False}",16.5,2026-10-02T00:00:00.000,high_gt_k2,10.000000000000009,16.5,2026-10-02,2026-10-01,15.8,2026-09-30,16.5,15.0,False,2444
304.0,"{'bullish': False, 'gain_ge_4pct': False, 'high_gt_k1': False, 'high_gt_k2': False, 'close_gt_prev_2_highs': False}",295.5,2026-10-02T00:00:00.000,bullish,-0.16891891891891442,298.0,2026-10-02,2026-10-01,298.5,2026-09-30,304.0,295.5,False,2449
136.0,"{'bullish': True, 'gain_ge_4pct': True, 'high_gt_k1': True, 'high_gt_k2': True, 'close_gt_prev_2_highs': True}",141.0,2026-10-02T00:00:00.000,,9.727626459143979,141.0,2026-10-02,2026-10-01,136.0,2026-09-30,124.5,130.5,True,2466
46.5,"{'bullish': True, 'gain_ge_4pct': False, 'high_gt_k1': True, 'high_gt_k2': False, 'close_gt_prev_2_highs': False}",45.35,2026-10-02T00:00:00.000,gain_ge_4pct,1.7957351290684764,46.1,2026-10-02,2026-10-01,45.6,2026-09-30,46.5,44.55,False,2468
179.0,"{'bullish': False, 'gain_ge_4pct': False, 'high_gt_k1': False, 'high_gt_k2': False, 'close_gt_prev_2_highs': False}",174.5,2026-10-02T00:00:00.000,bullish,-1.6901408450704203,178.5,2026-10-02,2026-10-01,179.0,2026-09-30,178.5,176.0,False,2481
329.0,"{'bullish': True, 'gain_ge_4pct': True, 'high_gt_k1': True, 'high_gt_k2': True, 'close_gt_prev_2_highs': True}",361.5,2026-10-02T00:00:00.000,,9.878419452887544,361.5,2026-10-02,2026-10-01,329.0,2026-09-30,309.0,335.0,True,2492
241.0,"{'bullish': True, 'gain_ge_4pct': False, 'high_gt_k1': True, 'high_gt_k2': False, 'close_gt_prev_2_highs': False}",240.0,2026-10-02T00:00:00.000,gain_ge_4pct,0.8403361344537785,240.5,2026-10-02,2026-10-01,239.0,2026-09-30,241.0,237.0,False,2603
43.15,"{'bullish': True, 'gain_ge_4pct': False, 'high_gt_k1': False, 'high_gt_k2': False, 'close_gt_prev_2_highs': False}",42.35,2026-10-02T00:00:00.000,gain_ge_4pct,0.35545023696681444,42.4,2026-10-02,2026-10-01,42.7,2026-09-30,43.15,42.1,False,2618
290.0,"{'bullish': True, 'gain_ge_4pct': False, 'high_gt_k1': True, 'high_gt_k2': False, 'close_gt_prev_2_highs': False}",285.5,2026-10-02T00:00:00.000,gain_ge_4pct,1.6014234875444844,290.0,2026-10-02,2026-10-01,285.0,2026-09-30,290.0,284.5,False,3006
144.5,"{'bullish': False, 'gain_ge_4pct': False, 'high_gt_k1': False, 'high_gt_k2': False, 'close_gt_prev_2_highs': False}",142.5,2026-10-02T00:00:00.000,bullish,0.35211267605634866,143.0,2026-10-02,2026-10-01,144.0,2026-09-30,144.5,142.5,False,3014
3575.0,"{'bullish': False, 'gain_ge_4pct': False, 'high_gt_k1': True, 'high_gt_k2': False, 'close_gt_prev_2_highs': False}",3440.0,2026-10-02T00:00:00.000,bullish,-1.9943019943019946,3570.0,2026-10-02,2026-10-01,3520.0,2026-09-30,3575.0,3570.0,False,3017
870.0,"{'bullish': False, 'gain_ge_4pct': False, 'high_gt_k1': True, 'high_gt_k2': True, 'close_gt_prev_2_highs': False}",835.0,2026-10-02T00:00:00.000,bullish,-1.9953051643192499,881.0,2026-10-02,2026-10-01,870.0,2026-09-30,822.0,845.0,False,3026
31.5,"{'bullish': True, 'gain_ge_4pct': True, 'high_gt_k1': True, 'high_gt_k2': True, 'close_gt_prev_2_highs': True}",32.8,2026-10-02T00:00:00.000,,7.540983606557372,33.5,2026-10-02,2026-10-01,31.5,2026-09-30,31.45,31.4,True,3031
1230.0,"{'bullish': True, 'gain_ge_4pct': True, 'high_gt_k1': True, 'high_gt_k2': True, 'close_gt_prev_2_highs': True}",1305.0,2026-10-02T00:00:00.000,,7.407407407407418,1305.0,2026-10-02,2026-10-01,1230.0,2026-09-30,1190.0,1225.0,True,3037
224.0,"{'bullish': True, 'gain_ge_4pct': True, 'high_gt_k1': True, 'high_gt_k2': True, 'close_gt_prev_2_highs': True}",230.5,2026-10-02T00:00:00.000,,5.491990846681927,232.5,2026-10-02,2026-10-01,224.0,2026-09-30,218.5,219.0,True,3042
537.0,"{'bullish': True, 'gain_ge_4pct': False, 'high_gt_k1': True, 'high_gt_k2': True, 'close_gt_prev_2_highs': True}",542.0,2026-10-02T00:00:00.000,gain_ge_4pct,2.457466918714557,544.0,2026-10-02,2026-10-01,529.0,2026-09-30,537.0,528.0,False,3044
23.1,"{'bullish': True, 'gain_ge_4pct': False, 'high_gt_k1': False, 'high_gt_k2': False, 'close_gt_prev_2_highs': False}",22.65,2026-10-02T00:00:00.000,gain_ge_4pct,1.7977528089887507,22.7,2026-10-02,2026-10-01,22.8,2026-09-30,23.1,22.4,False,3062
67.7,"{'bullish': True, 'gain_ge_4pct': False, 'high_gt_k1': True, 'high_gt_k2': True, 'close_gt_prev_2_highs': True}",70.3,2026-10-02T00:00:00.000,gain_ge_4pct,3.840472673559825,73.0,2026-10-02,2026-10-01,67.7,2026-09-30,62.5,69.2,False,3094
546.0,"{'bullish': True, 'gain_ge_4pct': True, 'high_gt_k1': True, 'high_gt_k2': True, 'close_gt_prev_2_highs': True}",591.0,2026-10-02T00:00:00.000,,9.85130111524164,591.0,2026-10-02,2026-10-01,546.0,2026-09-30,542.0,574.0,True,3105
267.5,"{'bullish': False, 'gain_ge_4pct': False, 'high_gt_k1': True, 'high_gt_k2': True, 'close_gt_prev_2_highs': False}",264.5,2026-10-02T00:00:00.000,bullish,-1.121495327102806,273.0,2026-10-02,2026-10-01,267.5,2026-09-30,250.0,266.0,False,3147
1020.0,"{'bullish': True, 'gain_ge_4pct': False, 'high_gt_k1': True, 'high_gt_k2': True, 'close_gt_prev_2_highs': True}",1050.0,2026-10-02T00:00:00.000,gain_ge_4pct,3.960396039603964,1070.0,2026-10-02,2026-10-01,1020.0,2026-09-30,972.0,1010.0,False,3189
406.0,"{'bullish': True, 'gain_ge_4pct': False, 'high_gt_k1': True, 'high_gt_k2': False, 'close_gt_prev_2_highs': False}",397.0,2026-10-02T00:00:00.000,gain_ge_4pct,0.761421319796951,402.0,2026-10-02,2026-10-01,398.0,2026-09-30,406.0,396.0,False,3211
55.3,"{'bullish': False, 'gain_ge_4pct': True, 'high_gt_k1': True, 'high_gt_k2': True, 'close_gt_prev_2_highs': True}",56.0,2026-10-02T00:00:00.000,bullish,4.283054003724396,57.8,2026-10-02,2026-10-01,55.3,2026-09-30,52.2,56.1,False,3221
60.4,"{'bullish': False, 'gain_ge_4pct': False, 'high_gt_k1': True, 'high_gt_k2': True, 'close_gt_prev_2_highs': False}",58.8,2026-10-02T00:00:00.000,bullish,-0.3389830508474634,60.7,2026-10-02,2026-10-01,59.3,2026-09-30,60.4,59.5,False,3229
191.5,"{'bullish': False, 'gain_ge_4pct': False, 'high_gt_k1': False, 'high_gt_k2': True, 'close_gt_prev_2_highs': False}",186.5,2026-10-02T00:00:00.000,bullish,-2.099737532808399,191.0,2026-10-02,2026-10-01,191.5,2026-09-30,187.5,190.5,False,3231
247.0,"{'bullish': False, 'gain_ge_4pct': False, 'high_gt_k1': True, 'high_gt_k2': True, 'close_gt_prev_2_highs': False}",245.0,2026-10-02T00:00:00.000,bullish,-0.20366598778004397,247.5,2026-10-02,2026-10-01,245.5,2026-09-30,247.0,245.0,False,3264
193.0,"{'bullish': True, 'gain_ge_4pct': False, 'high_gt_k1': True, 'high_gt_k2': False, 'close_gt_prev_2_highs': False}",188.0,2026-10-02T00:00:00.000,gain_ge_4pct,1.6216216216216273,193.0,2026-10-02,2026-10-01,186.5,2026-09-30,193.0,185.0,False,3265
1645.0,"{'bullish': False, 'gain_ge_4pct': False, 'high_gt_k1': True, 'high_gt_k2': False, 'close_gt_prev_2_highs': False}",1505.0,2026-10-02T00:00:00.000,bullish,-1.3114754098360604,1560.0,2026-10-02,2026-10-01,1535.0,2026-09-30,1645.0,1540.0,False,3324
47.0,"{'bullish': True, 'gain_ge_4pct': True, 'high_gt_k1': True, 'high_gt_k2': True, 'close_gt_prev_2_highs': False}",47.0,2026-10-02T00:00:00.000,close_gt_prev_2_highs,4.328523862375144,47.3,2026-10-02,2026-10-01,46.6,2026-09-30,47.0,45.6,False,3339
23.0,"{'bullish': False, 'gain_ge_4pct': False, 'high_gt_k1': False, 'high_gt_k2': False, 'close_gt_prev_2_highs': False}",22.15,2026-10-02T00:00:00.000,bullish,0.45351473922901064,22.45,2026-10-02,2026-10-01,22.95,2026-09-30,23.0,22.15,False,3437
292.0,"{'bullish': False, 'gain_ge_4pct': False, 'high_gt_k1': True, 'high_gt_k2': True, 'close_gt_prev_2_highs': False}",280.0,2026-10-02T00:00:00.000,bullish,-2.4390243902439046,295.0,2026-10-02,2026-10-01,292.0,2026-09-30,279.0,287.0,False,3455
48.75,"{'bullish': False, 'gain_ge_4pct': True, 'high_gt_k1': True, 'high_gt_k2': True, 'close_gt_prev_2_highs': True}",50.7,2026-10-02T00:00:00.000,bullish,4.0000000000000036,51.4,2026-10-02,2026-10-01,48.75,2026-09-30,45.9,50.8,False,3490
234.5,"{'bullish': False, 'gain_ge_4pct': False, 'high_gt_k1': False, 'high_gt_k2': False, 'close_gt_prev_2_highs': False}",215.0,2026-10-02T00:00:00.000,bullish,-2.050113895216399,226.0,2026-10-02,2026-10-01,228.0,2026-09-30,234.5,221.0,False,3498
45.15,"{'bullish': True, 'gain_ge_4pct': True, 'high_gt_k1': False, 'high_gt_k2': True, 'close_gt_prev_2_highs': False}",44.35,2026-10-02T00:00:00.000,high_gt_k1,9.913258983890948,44.35,2026-10-02,2026-10-01,45.15,2026-09-30,41.1,41.0,False,3518
497.5,"{'bullish': True, 'gain_ge_4pct': False, 'high_gt_k1': False, 'high_gt_k2': True, 'close_gt_prev_2_highs': False}",475.5,2026-10-02T00:00:00.000,gain_ge_4pct,0.31645569620253333,492.5,2026-10-02,2026-10-01,497.5,2026-09-30,488.5,470.0,False,3532
825.0,"{'bullish': True, 'gain_ge_4pct': False, 'high_gt_k1': False, 'high_gt_k2': False, 'close_gt_prev_2_highs': False}",760.0,2026-10-02T00:00:00.000,gain_ge_4pct,0.7957559681697646,764.0,2026-10-02,2026-10-01,825.0,2026-09-30,825.0,750.0,False,3563
20.1,"{'bullish': True, 'gain_ge_4pct': True, 'high_gt_k1': False, 'high_gt_k2': False, 'close_gt_prev_2_highs': False}",19.35,2026-10-02T00:00:00.000,high_gt_k1,4.594594594594592,19.45,2026-10-02,2026-10-01,20.1,2026-09-30,19.7,18.25,False,3576
183.5,"{'bullish': False, 'gain_ge_4pct': False, 'high_gt_k1': True, 'high_gt_k2': False, 'close_gt_prev_2_highs': False}",170.5,2026-10-02T00:00:00.000,bullish,-4.2134831460674205,182.0,2026-10-02,2026-10-01,179.0,2026-09-30,183.5,176.5,False,3605
151.0,"{'bullish': False, 'gain_ge_4pct': False, 'high_gt_k1': True, 'high_gt_k2': True, 'close_gt_prev_2_highs': False}",148.5,2026-10-02T00:00:00.000,bullish,-1.655629139072845,157.5,2026-10-02,2026-10-01,151.0,2026-09-30,144.0,151.0,False,3624
76.0,"{'bullish': True, 'gain_ge_4pct': False, 'high_gt_k1': False, 'high_gt_k2': False, 'close_gt_prev_2_highs': False}",74.0,2026-10-02T00:00:00.000,gain_ge_4pct,-0.26954177897574594,74.3,2026-10-02,2026-10-01,76.0,2026-09-30,75.5,73.8,False,3645
2685.0,"{'bullish': False, 'gain_ge_4pct': False, 'high_gt_k1': True, 'high_gt_k2': False, 'close_gt_prev_2_highs': False}",2540.0,2026-10-02T00:00:00.000,bullish,-0.5870841487279899,2670.0,2026-10-02,2026-10-01,2625.0,2026-09-30,2685.0,2620.0,False,3665
75.8,"{'bullish': True, 'gain_ge_4pct': True, 'high_gt_k1': True, 'high_gt_k2': True, 'close_gt_prev_2_highs': True}",80.6,2026-10-02T00:00:00.000,,9.959072305593452,80.6,2026-10-02,2026-10-01,75.8,2026-09-30,75.5,73.5,True,3673
360.0,"{'bullish': True, 'gain_ge_4pct': False, 'high_gt_k1': True, 'high_gt_k2': True, 'close_gt_prev_2_highs': False}",360.0,2026-10-02T00:00:00.000,gain_ge_4pct,0.278551532033422,378.5,2026-10-02,2026-10-01,360.0,2026-09-30,338.0,359.0,False,3675
78.5,"{'bullish': True, 'gain_ge_4pct': True, 'high_gt_k1': True, 'high_gt_k2': True, 'close_gt_prev_2_highs': True}",85.2,2026-10-02T00:00:00.000,,9.935483870967744,85.2,2026-10-02,2026-10-01,78.5,2026-09-30,77.3,77.5,True,3707
70.9,"{'bullish': True, 'gain_ge_4pct': False, 'high_gt_k1': True, 'high_gt_k2': True, 'close_gt_prev_2_highs': False}",70.8,2026-10-02T00:00:00.000,gain_ge_4pct,2.9069767441860517,72.0,2026-10-02,2026-10-01,70.5,2026-09-30,70.9,68.9,False,3714
129.0,"{'bullish': False, 'gain_ge_4pct': False, 'high_gt_k1': True, 'high_gt_k2': True, 'close_gt_prev_2_highs': True}",129.5,2026-10-02T00:00:00.000,bullish,0.3875968992248069,131.5,2026-10-02,2026-10-01,129.0,2026-09-30,128.0,129.5,False,3715
28.85,"{'bullish': False, 'gain_ge_4pct': False, 'high_gt_k1': False, 'high_gt_k2': False, 'close_gt_prev_2_highs': False}",26.45,2026-10-02T00:00:00.000,bullish,-3.290676416819016,27.5,2026-10-02,2026-10-01,28.2,2026-09-30,28.85,27.25,False,3717
43.1,"{'bullish': False, 'gain_ge_4pct': False, 'high_gt_k1': True, 'high_gt_k2': True, 'close_gt_prev_2_highs': False}",42.0,2026-10-02T00:00:00.000,bullish,-2.5522041763341052,45.6,2026-10-02,2026-10-01,43.1,2026-09-30,39.2,45.6,False,4174
63.6,"{'bullish': False, 'gain_ge_4pct': False, 'high_gt_k1': False, 'high_gt_k2': False, 'close_gt_prev_2_highs': False}",61.0,2026-10-02T00:00:00.000,bullish,-1.2944983818770184,61.9,2026-10-02,2026-10-01,62.5,2026-09-30,63.6,61.6,False,4540
44.4,"{'bullish': True, 'gain_ge_4pct': False, 'high_gt_k1': True, 'high_gt_k2': True, 'close_gt_prev_2_highs': True}",45.3,2026-10-02T00:00:00.000,gain_ge_4pct,2.1420518602029315,46.45,2026-10-02,2026-10-01,44.4,2026-09-30,43.15,45.05,False,4903
105.0,"{'bullish': True, 'gain_ge_4pct': False, 'high_gt_k1': True, 'high_gt_k2': True, 'close_gt_prev_2_highs': True}",106.0,2026-10-02T00:00:00.000,gain_ge_4pct,0.952380952380949,106.5,2026-10-02,2026-10-01,105.0,2026-09-30,105.0,104.5,False,4904
42.45,"{'bullish': True, 'gain_ge_4pct': False, 'high_gt_k1': True, 'high_gt_k2': True, 'close_gt_prev_2_highs': False}",41.85,2026-10-02T00:00:00.000,gain_ge_4pct,3.3333333333333437,43.6,2026-10-02,2026-10-01,42.05,2026-09-30,42.45,40.3,False,4906
65.0,"{'bullish': False, 'gain_ge_4pct': False, 'high_gt_k1': True, 'high_gt_k2': True, 'close_gt_prev_2_highs': False}",64.4,2026-10-02T00:00:00.000,bullish,-0.9230769230769154,65.8,2026-10-02,2026-10-01,65.0,2026-09-30,64.0,65.1,False,4915
262.0,"{'bullish': True, 'gain_ge_4pct': False, 'high_gt_k1': True, 'high_gt_k2': False, 'close_gt_prev_2_highs': False}",252.0,2026-10-02T00:00:00.000,gain_ge_4pct,1.4084507042253502,255.0,2026-10-02,2026-10-01,252.5,2026-09-30,262.0,250.0,False,4931
49.8,"{'bullish': False, 'gain_ge_4pct': False, 'high_gt_k1': False, 'high_gt_k2': False, 'close_gt_prev_2_highs': False}",46.4,2026-10-02T00:00:00.000,bullish,-1.7989417989418,48.25,2026-10-02,2026-10-01,49.6,2026-09-30,49.8,47.25,False,4956
24.8,"{'bullish': True, 'gain_ge_4pct': False, 'high_gt_k1': True, 'high_gt_k2': False, 'close_gt_prev_2_highs': False}",24.55,2026-10-02T00:00:00.000,gain_ge_4pct,2.7196652719665426,24.75,2026-10-02,2026-10-01,24.6,2026-09-30,24.8,23.9,False,4960
498.0,"{'bullish': True, 'gain_ge_4pct': True, 'high_gt_k1': True, 'high_gt_k2': True, 'close_gt_prev_2_highs': True}",534.0,2026-10-02T00:00:00.000,,9.989701338825952,534.0,2026-10-02,2026-10-01,491.5,2026-09-30,498.0,509.0,True,4991
188.5,"{'bullish': True, 'gain_ge_4pct': False, 'high_gt_k1': False, 'high_gt_k2': True, 'close_gt_prev_2_highs': False}",187.0,2026-10-02T00:00:00.000,gain_ge_4pct,1.3550135501354976,188.0,2026-10-02,2026-10-01,188.5,2026-09-30,185.0,184.5,False,5347
98.5,"{'bullish': True, 'gain_ge_4pct': True, 'high_gt_k1': True, 'high_gt_k2': True, 'close_gt_prev_2_highs': True}",102.0,2026-10-02T00:00:00.000,,4.615384615384621,104.0,2026-10-02,2026-10-01,98.5,2026-09-30,97.0,98.3,True,5425
17.1,"{'bullish': True, 'gain_ge_4pct': False, 'high_gt_k1': True, 'high_gt_k2': True, 'close_gt_prev_2_highs': True}",17.15,2026-10-02T00:00:00.000,gain_ge_4pct,0.8823529411764675,17.3,2026-10-02,2026-10-01,17.1,2026-09-30,16.95,17.1,False,5608
39.35,"{'bullish': True, 'gain_ge_4pct': False, 'high_gt_k1': False, 'high_gt_k2': False, 'close_gt_prev_2_highs': False}",39.0,2026-10-02T00:00:00.000,gain_ge_4pct,1.9607843137254832,39.1,2026-10-02,2026-10-01,39.2,2026-09-30,39.35,38.35,False,5864
49.4,"{'bullish': True, 'gain_ge_4pct': False, 'high_gt_k1': False, 'high_gt_k2': False, 'close_gt_prev_2_highs': False}",48.95,2026-10-02T00:00:00.000,gain_ge_4pct,1.1363636363636465,49.0,2026-10-02,2026-10-01,49.1,2026-09-30,49.4,48.1,False,5876
18.1,"{'bullish': True, 'gain_ge_4pct': False, 'high_gt_k1': False, 'high_gt_k2': False, 'close_gt_prev_2_highs': False}",17.8,2026-10-02T00:00:00.000,gain_ge_4pct,1.1363636363636243,17.85,2026-10-02,2026-10-01,17.95,2026-09-30,18.1,17.5,False,6015
24.4,"{'bullish': True, 'gain_ge_4pct': False, 'high_gt_k1': False, 'high_gt_k2': False, 'close_gt_prev_2_highs': False}",23.9,2026-10-02T00:00:00.000,gain_ge_4pct,0.8438818565400741,24.1,2026-10-02,2026-10-01,24.25,2026-09-30,24.4,23.7,False,6016
26.35,"{'bullish': True, 'gain_ge_4pct': False, 'high_gt_k1': False, 'high_gt_k2': True, 'close_gt_prev_2_highs': False}",25.7,2026-10-02T00:00:00.000,gain_ge_4pct,2.8000000000000025,25.8,2026-10-02,2026-10-01,26.35,2026-09-30,25.4,25.0,False,6108
16.45,"{'bullish': True, 'gain_ge_4pct': False, 'high_gt_k1': False, 'high_gt_k2': False, 'close_gt_prev_2_highs': False}",16.05,2026-10-02T00:00:00.000,gain_ge_4pct,2.5559105431310014,16.35,2026-10-02,2026-10-01,16.45,2026-09-30,16.35,15.65,False,6116
62.5,"{'bullish': True, 'gain_ge_4pct': False, 'high_gt_k1': True, 'high_gt_k2': True, 'close_gt_prev_2_highs': True}",63.9,2026-10-02T00:00:00.000,gain_ge_4pct,2.5682182985553803,63.9,2026-10-02,2026-10-01,62.5,2026-09-30,60.9,62.5,False,6122
31.0,"{'bullish': False, 'gain_ge_4pct': False, 'high_gt_k1': False, 'high_gt_k2': False, 'close_gt_prev_2_highs': False}",29.1,2026-10-02T00:00:00.000,bullish,-0.6825938566552892,29.5,2026-10-02,2026-10-01,31.0,2026-09-30,30.45,29.45,False,6133
227.0,"{'bullish': False, 'gain_ge_4pct': False, 'high_gt_k1': False, 'high_gt_k2': True, 'close_gt_prev_2_highs': False}",223.0,2026-10-02T00:00:00.000,bullish,-1.1086474501108667,227.0,2026-10-02,2026-10-01,227.0,2026-09-30,214.5,224.5,False,6147
39.4,"{'bullish': False, 'gain_ge_4pct': False, 'high_gt_k1': True, 'high_gt_k2': False, 'close_gt_prev_2_highs': False}",38.1,2026-10-02T00:00:00.000,bullish,0.13140604467807293,38.9,2026-10-02,2026-10-01,38.65,2026-09-30,39.4,38.45,False,6148
69.6,"{'bullish': True, 'gain_ge_4pct': True, 'high_gt_k1': True, 'high_gt_k2': True, 'close_gt_prev_2_highs': True}",72.5,2026-10-02T00:00:00.000,,4.166666666666674,75.5,2026-10-02,2026-10-01,69.6,2026-09-30,65.2,69.6,True,6155
47.0,"{'bullish': False, 'gain_ge_4pct': False, 'high_gt_k1': True, 'high_gt_k2': True, 'close_gt_prev_2_highs': False}",46.0,2026-10-02T00:00:00.000,bullish,-2.127659574468088,48.0,2026-10-02,2026-10-01,47.0,2026-09-30,47.0,47.45,False,6168
316.0,"{'bullish': True, 'gain_ge_4pct': False, 'high_gt_k1': True, 'high_gt_k2': True, 'close_gt_prev_2_highs': False}",303.0,2026-10-02T00:00:00.000,gain_ge_4pct,0.16528925619834212,322.5,2026-10-02,2026-10-01,316.0,2026-09-30,303.5,300.0,False,6173
37.8,"{'bullish': True, 'gain_ge_4pct': False, 'high_gt_k1': False, 'high_gt_k2': False, 'close_gt_prev_2_highs': False}",36.5,2026-10-02T00:00:00.000,gain_ge_4pct,1.5299026425591,36.7,2026-10-02,2026-10-01,37.0,2026-09-30,37.8,36.0,False,6179
1420.0,"{'bullish': True, 'gain_ge_4pct': True, 'high_gt_k1': True, 'high_gt_k2': False, 'close_gt_prev_2_highs': False}",1355.0,2026-10-02T00:00:00.000,high_gt_k2,6.2745098039215685,1385.0,2026-10-02,2026-10-01,1325.0,2026-09-30,1420.0,1290.0,False,6187
602.0,"{'bullish': True, 'gain_ge_4pct': False, 'high_gt_k1': True, 'high_gt_k2': True, 'close_gt_prev_2_highs': True}",618.0,2026-10-02T00:00:00.000,gain_ge_4pct,2.657807308970095,619.0,2026-10-02,2026-10-01,602.0,2026-09-30,588.0,609.0,False,6196
128.5,"{'bullish': True, 'gain_ge_4pct': False, 'high_gt_k1': True, 'high_gt_k2': True, 'close_gt_prev_2_highs': True}",132.0,2026-10-02T00:00:00.000,gain_ge_4pct,3.125,134.0,2026-10-02,2026-10-01,128.5,2026-09-30,128.0,128.0,False,6199
74.1,"{'bullish': False, 'gain_ge_4pct': False, 'high_gt_k1': True, 'high_gt_k2': True, 'close_gt_prev_2_highs': False}",73.7,2026-10-02T00:00:00.000,bullish,2.646239554317553,77.5,2026-10-02,2026-10-01,74.1,2026-09-30,72.9,77.5,False,6205
158.0,"{'bullish': True, 'gain_ge_4pct': False, 'high_gt_k1': False, 'high_gt_k2': True, 'close_gt_prev_2_highs': False}",148.0,2026-10-02T00:00:00.000,gain_ge_4pct,2.0689655172413834,152.5,2026-10-02,2026-10-01,158.0,2026-09-30,151.0,145.0,False,6207
649.0,"{'bullish': True, 'gain_ge_4pct': True, 'high_gt_k1': True, 'high_gt_k2': True, 'close_gt_prev_2_highs': True}",683.0,2026-10-02T00:00:00.000,,6.386292834890961,700.0,2026-10-02,2026-10-01,643.0,2026-09-30,649.0,646.0,True,6213
48.0,"{'bullish': False, 'gain_ge_4pct': False, 'high_gt_k1': True, 'high_gt_k2': True, 'close_gt_prev_2_highs': False}",46.4,2026-10-02T00:00:00.000,bullish,-3.3333333333333326,51.7,2026-10-02,2026-10-01,48.0,2026-09-30,45.7,50.0,False,6226
295.5,"{'bullish': True, 'gain_ge_4pct': True, 'high_gt_k1': True, 'high_gt_k2': True, 'close_gt_prev_2_highs': True}",308.0,2026-10-02T00:00:00.000,,5.2991452991453025,316.0,2026-10-02,2026-10-01,293.0,2026-09-30,295.5,294.0,True,6239
260.0,"{'bullish': True, 'gain_ge_4pct': False, 'high_gt_k1': True, 'high_gt_k2': True, 'close_gt_prev_2_highs': False}",257.5,2026-10-02T00:00:00.000,gain_ge_4pct,0.3898635477582957,266.0,2026-10-02,2026-10-01,259.0,2026-09-30,260.0,252.5,False,6257
232.0,"{'bullish': True, 'gain_ge_4pct': False, 'high_gt_k1': True, 'high_gt_k2': True, 'close_gt_prev_2_highs': True}",234.5,2026-10-02T00:00:00.000,gain_ge_4pct,1.7353579175704903,239.0,2026-10-02,2026-10-01,232.0,2026-09-30,231.5,230.5,False,6271
1550.0,"{'bullish': True, 'gain_ge_4pct': True, 'high_gt_k1': True, 'high_gt_k2': True, 'close_gt_prev_2_highs': True}",1620.0,2026-10-02T00:00:00.000,,5.537459283387625,1685.0,2026-10-02,2026-10-01,1540.0,2026-09-30,1550.0,1540.0,True,6274
223.0,"{'bullish': False, 'gain_ge_4pct': False, 'high_gt_k1': False, 'high_gt_k2': False, 'close_gt_prev_2_highs': False}",217.0,2026-10-02T00:00:00.000,bullish,0.23094688221709792,218.5,2026-10-02,2026-10-01,219.5,2026-09-30,223.0,217.0,False,6278
283.5,"{'bullish': False, 'gain_ge_4pct': False, 'high_gt_k1': False, 'high_gt_k2': False, 'close_gt_prev_2_highs': False}",277.0,2026-10-02T00:00:00.000,bullish,-0.18018018018017834,280.0,2026-10-02,2026-10-01,281.5,2026-09-30,283.5,279.0,False,6290
360.5,"{'bullish': True, 'gain_ge_4pct': True, 'high_gt_k1': True, 'high_gt_k2': True, 'close_gt_prev_2_highs': True}",361.5,2026-10-02T00:00:00.000,,6.480117820324005,373.0,2026-10-02,2026-10-01,345.5,2026-09-30,360.5,350.5,True,6426
95.7,"{'bullish': True, 'gain_ge_4pct': True, 'high_gt_k1': True, 'high_gt_k2': False, 'close_gt_prev_2_highs': False}",92.9,2026-10-02T00:00:00.000,high_gt_k2,5.688282138794087,94.0,2026-10-02,2026-10-01,92.0,2026-09-30,95.7,89.1,False,6456
98.7,"{'bullish': True, 'gain_ge_4pct': True, 'high_gt_k1': True, 'high_gt_k2': True, 'close_gt_prev_2_highs': True}",100.0,2026-10-02T00:00:00.000,,6.157112526539277,103.0,2026-10-02,2026-10-01,98.7,2026-09-30,98.6,94.6,True,6505
964.0,"{'bullish': True, 'gain_ge_4pct': True, 'high_gt_k1': True, 'high_gt_k2': True, 'close_gt_prev_2_highs': True}",1000.0,2026-10-02T00:00:00.000,,7.181136120042875,1025.0,2026-10-02,2026-10-01,937.0,2026-09-30,964.0,932.0,True,6531
366.5,"{'bullish': False, 'gain_ge_4pct': False, 'high_gt_k1': False, 'high_gt_k2': True, 'close_gt_prev_2_highs': False}",352.0,2026-10-02T00:00:00.000,bullish,-3.9563437926330103,366.5,2026-10-02,2026-10-01,366.5,2026-09-30,333.5,366.5,False,6533
374.5,"{'bullish': True, 'gain_ge_4pct': False, 'high_gt_k1': True, 'high_gt_k2': True, 'close_gt_prev_2_highs': False}",372.5,2026-10-02T00:00:00.000,gain_ge_4pct,0.8119079837618504,382.0,2026-10-02,2026-10-01,370.0,2026-09-30,374.5,369.5,False,6538
30.7,"{'bullish': False, 'gain_ge_4pct': False, 'high_gt_k1': True, 'high_gt_k2': True, 'close_gt_prev_2_highs': False}",29.25,2026-10-02T00:00:00.000,bullish,-1.8456375838926231,31.45,2026-10-02,2026-10-01,30.55,2026-09-30,30.7,31.45,False,6603
154.5,"{'bullish': False, 'gain_ge_4pct': False, 'high_gt_k1': False, 'high_gt_k2': True, 'close_gt_prev_2_highs': False}",143.5,2026-10-02T00:00:00.000,bullish,-0.692041522491349,149.5,2026-10-02,2026-10-01,154.5,2026-09-30,145.0,145.0,False,6620
48.55,"{'bullish': True, 'gain_ge_4pct': False, 'high_gt_k1': False, 'high_gt_k2': False, 'close_gt_prev_2_highs': False}",47.35,2026-10-02T00:00:00.000,gain_ge_4pct,0.5307855626327074,47.95,2026-10-02,2026-10-01,48.45,2026-09-30,48.55,47.1,False,6668
405.5,"{'bullish': True, 'gain_ge_4pct': True, 'high_gt_k1': True, 'high_gt_k2': True, 'close_gt_prev_2_highs': True}",439.0,2026-10-02T00:00:00.000,,8.261405672009857,439.0,2026-10-02,2026-10-01,405.5,2026-09-30,369.0,413.0,True,6672
223.5,"{'bullish': False, 'gain_ge_4pct': False, 'high_gt_k1': False, 'high_gt_k2': False, 'close_gt_prev_2_highs': False}",206.0,2026-10-02T00:00:00.000,bullish,-3.0588235294117694,214.0,2026-10-02,2026-10-01,219.5,2026-09-30,223.5,213.5,False,6693
160.5,"{'bullish': False, 'gain_ge_4pct': False, 'high_gt_k1': False, 'high_gt_k2': True, 'close_gt_prev_2_highs': False}",154.5,2026-10-02T00:00:00.000,bullish,0.0,160.0,2026-10-02,2026-10-01,160.5,2026-09-30,158.0,155.5,False,6706
75.4,"{'bullish': True, 'gain_ge_4pct': False, 'high_gt_k1': True, 'high_gt_k2': True, 'close_gt_prev_2_highs': True}",76.5,2026-10-02T00:00:00.000,gain_ge_4pct,2.684563758389258,77.9,2026-10-02,2026-10-01,74.9,2026-09-30,75.4,75.0,False,6770
2720.0,"{'bullish': False, 'gain_ge_4pct': False, 'high_gt_k1': False, 'high_gt_k2': False, 'close_gt_prev_2_highs': False}",2310.0,2026-10-02T00:00:00.000,bullish,-3.347280334728031,2375.0,2026-10-02,2026-10-01,2510.0,2026-09-30,2720.0,2340.0,False,6805
119.5,"{'bullish': True, 'gain_ge_4pct': True, 'high_gt_k1': True, 'high_gt_k2': True, 'close_gt_prev_2_highs': True}",131.0,2026-10-02T00:00:00.000,,9.623430962343104,131.0,2026-10-02,2026-10-01,119.5,2026-09-30,115.0,118.0,True,6834
404.5,"{'bullish': False, 'gain_ge_4pct': False, 'high_gt_k1': True, 'high_gt_k2': True, 'close_gt_prev_2_highs': False}",379.0,2026-10-02T00:00:00.000,bullish,-3.92902408111534,413.0,2026-10-02,2026-10-01,404.5,2026-09-30,392.0,394.0,False,6933
102.5,"{'bullish': True, 'gain_ge_4pct': False, 'high_gt_k1': False, 'high_gt_k2': False, 'close_gt_prev_2_highs': False}",95.7,2026-10-02T00:00:00.000,gain_ge_4pct,0.3144654088050203,97.9,2026-10-02,2026-10-01,99.0,2026-09-30,102.5,95.0,False,8040
155.0,"{'bullish': False, 'gain_ge_4pct': False, 'high_gt_k1': False, 'high_gt_k2': False, 'close_gt_prev_2_highs': False}",141.5,2026-10-02T00:00:00.000,bullish,-1.3937282229965153,145.5,2026-10-02,2026-10-01,148.0,2026-09-30,155.0,144.5,False,8064
49.3,"{'bullish': True, 'gain_ge_4pct': False, 'high_gt_k1': True, 'high_gt_k2': True, 'close_gt_prev_2_highs': True}",49.95,2026-10-02T00:00:00.000,gain_ge_4pct,2.566735112936347,50.4,2026-10-02,2026-10-01,49.2,2026-09-30,49.3,48.8,False,8110
81.2,"{'bullish': True, 'gain_ge_4pct': True, 'high_gt_k1': True, 'high_gt_k2': True, 'close_gt_prev_2_highs': True}",85.8,2026-10-02T00:00:00.000,,9.999999999999986,85.8,2026-10-02,2026-10-01,80.5,2026-09-30,81.2,80.1,True,8111
30.1,"{'bullish': True, 'gain_ge_4pct': False, 'high_gt_k1': False, 'high_gt_k2': False, 'close_gt_prev_2_highs': False}",29.7,2026-10-02T00:00:00.000,gain_ge_4pct,2.0618556701030855,29.8,2026-10-02,2026-10-01,30.1,2026-09-30,30.0,29.3,False,8215
63.0,"{'bullish': True, 'gain_ge_4pct': False, 'high_gt_k1': False, 'high_gt_k2': True, 'close_gt_prev_2_highs': False}",60.6,2026-10-02T00:00:00.000,gain_ge_4pct,0.6644518272425293,60.9,2026-10-02,2026-10-01,63.0,2026-09-30,57.3,59.0,False,8240
2215.0,"{'bullish': False, 'gain_ge_4pct': False, 'high_gt_k1': False, 'high_gt_k2': False, 'close_gt_prev_2_highs': False}",2095.0,2026-10-02T00:00:00.000,bullish,-0.7109004739336511,2140.0,2026-10-02,2026-10-01,2165.0,2026-09-30,2215.0,2130.0,False,8299
521.0,"{'bullish': True, 'gain_ge_4pct': False, 'high_gt_k1': True, 'high_gt_k2': True, 'close_gt_prev_2_highs': False}",519.0,2026-10-02T00:00:00.000,gain_ge_4pct,2.7722772277227747,536.0,2026-10-02,2026-10-01,521.0,2026-09-30,515.0,514.0,False,8358
42.0,"{'bullish': True, 'gain_ge_4pct': True, 'high_gt_k1': True, 'high_gt_k2': True, 'close_gt_prev_2_highs': True}",45.8,2026-10-02T00:00:00.000,,9.963985594237702,45.8,2026-10-02,2026-10-01,42.0,2026-09-30,40.75,41.8,True,9933
29.85,"{'bullish': False, 'gain_ge_4pct': False, 'high_gt_k1': False, 'high_gt_k2': False, 'close_gt_prev_2_highs': False}",29.1,2026-10-02T00:00:00.000,bullish,-0.512820512820511,29.3,2026-10-02,2026-10-01,29.5,2026-09-30,29.85,29.25,False,9945
