symbol,name,stage0_pass,latest_date,close,ma20,ma60,ma20_prev,close_gt_ma20,close_gt_ma60,ma20_gt_ma60,ma20_slope_up,history_bars,status,first_failure,detail
1101,台泥,True,2026-10-07,25.5,24.835,24.428333333333335,24.775,True,True,True,True,88,PASS,,Stage 1 四條件全部通過
1102,亞泥,True,2026-10-07,35.9,35.4075,34.232499999999995,35.364999999999995,True,True,True,True,88,PASS,,Stage 1 四條件全部通過
1229,聯華,True,2026-10-07,39.65,40.3375,40.92583333333334,40.4375,False,False,False,False,88,FAIL,CLOSE_LE_MA20,Close=39.65; MA20=40.3375; MA60=40.92583333333334; MA20_prev=40.4375
1301,台塑,True,2026-10-07,75.4,65.81,62.11666666666667,65.36999999999999,True,True,True,True,88,PASS,,Stage 1 四條件全部通過
1303,南亞,True,2026-10-07,314.0,247.475,212.81666666666666,243.3,True,True,True,True,88,PASS,,Stage 1 四條件全部通過
1304,台聚,True,2026-10-07,13.05,12.45,12.3225,12.4075,True,True,True,True,88,PASS,,Stage 1 四條件全部通過
1313,聯成,True,2026-10-07,12.6,12.1775,11.829166666666667,12.1375,True,True,True,True,81,PASS,,Stage 1 四條件全部通過
1314,中石化,True,2026-10-07,8.91,8.633500000000002,8.2335,8.593,True,True,True,True,88,PASS,,Stage 1 四條件全部通過
1326,台化,True,2026-10-07,75.8,69.175,65.08666666666666,68.97999999999999,True,True,True,True,88,PASS,,Stage 1 四條件全部通過
1402,遠東新,True,2026-10-07,28.6,28.107499999999998,27.9325,28.1125,True,True,True,False,88,FAIL,MA20_SLOPE_NOT_UP,Close=28.6; MA20=28.107499999999998; MA60=27.9325; MA20_prev=28.1125
1409,新纖,True,2026-10-07,26.15,24.7375,24.2,24.6475,True,True,True,True,88,PASS,,Stage 1 四條件全部通過
1504,東元,True,2026-10-07,73.3,69.795,69.06666666666666,69.715,True,True,True,True,88,PASS,,Stage 1 四條件全部通過
1513,中興電,True,2026-10-07,168.0,165.85,163.61666666666667,165.8,True,True,True,True,88,PASS,,Stage 1 四條件全部通過
1528,恩德,True,2026-10-07,24.05,24.057499999999997,20.73166666666667,23.8125,False,True,True,True,88,FAIL,CLOSE_LE_MA20,Close=24.05; MA20=24.057499999999997; MA60=20.73166666666667; MA20_prev=23.8125
1605,華新,True,2026-10-07,39.9,37.625,36.34666666666667,37.525,True,True,True,True,88,PASS,,Stage 1 四條件全部通過
1608,華榮,True,2026-10-07,37.05,36.052499999999995,34.7775,36.0025,True,True,True,True,88,PASS,,Stage 1 四條件全部通過
1609,大亞,True,2026-10-07,39.0,38.027499999999996,37.23916666666666,37.9375,True,True,True,True,88,PASS,,Stage 1 四條件全部通過
1708,東鹼,True,2026-10-07,57.3,51.7625,51.12916666666667,51.3975,True,True,True,True,88,PASS,,Stage 1 四條件全部通過
1709,和益,True,2026-10-07,60.2,45.31,34.80083333333334,44.010000000000005,True,True,True,True,88,PASS,,Stage 1 四條件全部通過
1711,永光,True,2026-10-07,45.45,40.5,39.2625,40.2725,True,True,True,True,88,PASS,,Stage 1 四條件全部通過
1714,和桐,True,2026-10-07,19.65,16.419999999999998,16.107499999999998,16.259999999999998,True,True,True,True,88,PASS,,Stage 1 四條件全部通過
1718,中纖,True,2026-10-07,11.3,10.7175,10.883166666666666,10.675,True,True,False,True,88,FAIL,MA20_LE_MA60,Close=11.3; MA20=10.7175; MA60=10.883166666666666; MA20_prev=10.675
1722,台肥,True,2026-10-07,41.3,42.0925,44.55333333333333,42.2575,False,False,False,False,88,FAIL,CLOSE_LE_MA20,Close=41.3; MA20=42.0925; MA60=44.55333333333333; MA20_prev=42.2575
1727,中華化,True,2026-10-07,106.0,103.97999999999999,90.00833333333334,103.22999999999999,True,True,True,True,88,PASS,,Stage 1 四條件全部通過
1785,光洋科,True,2026-10-07,107.0,98.99,103.58333333333333,98.74,True,True,False,True,88,FAIL,MA20_LE_MA60,Close=107.0; MA20=98.99; MA60=103.58333333333333; MA20_prev=98.74
1802,台玻,True,2026-10-07,65.7,59.15,56.935833333333335,58.9,True,True,True,True,88,PASS,,Stage 1 四條件全部通過
1809,中釉,True,2026-10-07,46.5,41.447500000000005,39.454166666666666,41.0175,True,True,True,True,88,PASS,,Stage 1 四條件全部通過
1904,正隆,True,2026-10-07,25.25,24.645,23.808333333333334,24.605,True,True,True,True,88,PASS,,Stage 1 四條件全部通過
1909,榮成,True,2026-10-07,10.15,10.245000000000001,10.244499999999999,10.28,False,False,True,False,88,FAIL,CLOSE_LE_MA20,Close=10.15; MA20=10.245000000000001; MA60=10.244499999999999; MA20_prev=10.28
2002,中鋼,True,2026-10-07,18.95,18.8625,18.98166666666667,18.865000000000002,True,False,False,False,88,FAIL,CLOSE_LE_MA60,Close=18.95; MA20=18.8625; MA60=18.98166666666667; MA20_prev=18.865000000000002
2027,大成鋼,True,2026-10-07,47.75,47.29,46.65333333333333,47.3575,True,True,True,False,88,FAIL,MA20_SLOPE_NOT_UP,Close=47.75; MA20=47.29; MA60=46.65333333333333; MA20_prev=47.3575
2034,允強,True,2026-10-07,24.15,22.0975,20.609166666666667,21.935,True,True,True,True,88,PASS,,Stage 1 四條件全部通過
2049,上銀,True,2026-10-07,342.5,338.825,341.48333333333335,339.925,True,True,False,False,88,FAIL,MA20_LE_MA60,Close=342.5; MA20=338.825; MA60=341.48333333333335; MA20_prev=339.925
2104,國際中橡,True,2026-10-07,11.3,10.8,10.438333333333333,10.7375,True,True,True,True,88,PASS,,Stage 1 四條件全部通過
2105,正新,True,2026-10-07,30.35,30.255000000000003,30.955,30.2725,True,False,False,False,88,FAIL,CLOSE_LE_MA60,Close=30.35; MA20=30.255000000000003; MA60=30.955; MA20_prev=30.2725
2201,裕隆,True,2026-10-07,28.9,29.5,28.90083333333333,29.595,False,False,True,False,88,FAIL,CLOSE_LE_MA20,Close=28.9; MA20=29.5; MA60=28.90083333333333; MA20_prev=29.595
2208,台船,True,2026-10-07,18.5,18.9575,19.25583333333333,18.9725,False,False,False,False,88,FAIL,CLOSE_LE_MA20,Close=18.5; MA20=18.9575; MA60=19.25583333333333; MA20_prev=18.9725
2241,艾姆勒,True,2026-10-07,52.0,39.7375,36.0925,38.855000000000004,True,True,True,True,88,PASS,,Stage 1 四條件全部通過
2254,巨鎧精密-創,True,2026-10-07,91.4,81.33,63.415,79.88,True,True,True,True,88,PASS,,Stage 1 四條件全部通過
2301,光寶科,True,2026-10-07,300.0,285.35,263.84166666666664,285.3,True,True,True,True,88,PASS,,Stage 1 四條件全部通過
2303,聯電,True,2026-10-07,148.5,149.925,134.45,149.65,False,True,True,True,88,FAIL,CLOSE_LE_MA20,Close=148.5; MA20=149.925; MA60=134.45; MA20_prev=149.65
2312,金寶,True,2026-10-07,31.05,30.972500000000004,31.66166666666667,31.035000000000004,True,False,False,False,88,FAIL,CLOSE_LE_MA60,Close=31.05; MA20=30.972500000000004; MA60=31.66166666666667; MA20_prev=31.035000000000004
2313,華通,True,2026-10-07,246.0,227.875,219.21666666666667,227.575,True,True,True,True,88,PASS,,Stage 1 四條件全部通過
2317,鴻海,True,2026-10-07,252.0,251.25,250.44166666666666,251.45,True,True,True,False,88,FAIL,MA20_SLOPE_NOT_UP,Close=252.0; MA20=251.25; MA60=250.44166666666666; MA20_prev=251.45
2324,仁寶,True,2026-10-07,36.1,37.1725,37.75666666666667,37.37,False,False,False,False,88,FAIL,CLOSE_LE_MA20,Close=36.1; MA20=37.1725; MA60=37.75666666666667; MA20_prev=37.37
2327,國巨*,True,2026-10-07,647.0,572.4,589.175,569.5,True,True,False,True,88,FAIL,MA20_LE_MA60,Close=647.0; MA20=572.4; MA60=589.175; MA20_prev=569.5
2329,華泰,True,2026-10-07,45.4,43.595,43.86666666666667,43.489999999999995,True,True,False,True,88,FAIL,MA20_LE_MA60,Close=45.4; MA20=43.595; MA60=43.86666666666667; MA20_prev=43.489999999999995
2332,友訊,True,2026-10-07,21.1,19.7925,21.039166666666667,19.71,True,True,False,True,88,FAIL,MA20_LE_MA60,Close=21.1; MA20=19.7925; MA60=21.039166666666667; MA20_prev=19.71
2337,旺宏,True,2026-10-07,118.0,119.9,122.64666666666668,120.225,False,False,False,False,88,FAIL,CLOSE_LE_MA20,Close=118.0; MA20=119.9; MA60=122.64666666666668; MA20_prev=120.225
2338,光罩,True,2026-10-07,47.8,47.055,42.3425,46.5925,True,True,True,True,88,PASS,,Stage 1 四條件全部通過
2342,茂矽,True,2026-10-07,50.1,44.095,40.833333333333336,43.5775,True,True,True,True,88,PASS,,Stage 1 四條件全部通過
2344,華邦電,True,2026-10-07,179.5,174.975,169.90833333333333,175.0,True,True,True,False,88,FAIL,MA20_SLOPE_NOT_UP,Close=179.5; MA20=174.975; MA60=169.90833333333333; MA20_prev=175.0
2351,順德,True,2026-10-07,218.0,229.3,198.96666666666667,230.075,False,True,True,False,88,FAIL,CLOSE_LE_MA20,Close=218.0; MA20=229.3; MA60=198.96666666666667; MA20_prev=230.075
2353,宏碁,True,2026-10-07,31.3,31.55,30.925833333333333,31.6,False,True,True,False,88,FAIL,CLOSE_LE_MA20,Close=31.3; MA20=31.55; MA60=30.925833333333333; MA20_prev=31.6
2354,鴻準,True,2026-10-07,62.1,65.02000000000001,61.42333333333333,65.2,False,True,True,False,88,FAIL,CLOSE_LE_MA20,Close=62.1; MA20=65.02000000000001; MA60=61.42333333333333; MA20_prev=65.2
2356,英業達,True,2026-10-07,58.1,60.815,63.12,61.214999999999996,False,False,False,False,88,FAIL,CLOSE_LE_MA20,Close=58.1; MA20=60.815; MA60=63.12; MA20_prev=61.214999999999996
2357,華碩,True,2026-10-07,989.0,960.7,891.0166666666667,961.2,True,True,True,False,88,FAIL,MA20_SLOPE_NOT_UP,Close=989.0; MA20=960.7; MA60=891.0166666666667; MA20_prev=961.2
2363,矽統,True,2026-10-07,60.7,56.295,54.255833333333335,55.885000000000005,True,True,True,True,88,PASS,,Stage 1 四條件全部通過
2367,燿華,True,2026-10-07,47.2,42.6075,42.855000000000004,42.3675,True,True,False,True,88,FAIL,MA20_LE_MA60,Close=47.2; MA20=42.6075; MA60=42.855000000000004; MA20_prev=42.3675
2368,金像電,True,2026-10-07,1245.0,1084.7,1015.8666666666667,1078.45,True,True,True,True,88,PASS,,Stage 1 四條件全部通過
2369,菱生,True,2026-10-07,32.7,30.922500000000003,32.07833333333333,30.835,True,True,False,True,88,FAIL,MA20_LE_MA60,Close=32.7; MA20=30.922500000000003; MA60=32.07833333333333; MA20_prev=30.835
2371,大同,True,2026-10-07,30.6,29.205000000000002,27.499166666666667,29.0825,True,True,True,True,88,PASS,,Stage 1 四條件全部通過
2376,技嘉,True,2026-10-07,365.5,360.625,351.9,360.575,True,True,True,True,88,PASS,,Stage 1 四條件全部通過
2379,瑞昱,True,2026-10-07,741.0,733.35,732.0833333333334,732.75,True,True,True,True,88,PASS,,Stage 1 四條件全部通過
2382,廣達,True,2026-10-07,335.0,336.875,329.4916666666667,337.5,False,True,True,False,88,FAIL,CLOSE_LE_MA20,Close=335.0; MA20=336.875; MA60=329.4916666666667; MA20_prev=337.5
2383,台光電,True,2026-10-07,5950.0,5203.5,5254.833333333333,5180.75,True,True,False,True,88,FAIL,MA20_LE_MA60,Close=5950.0; MA20=5203.5; MA60=5254.833333333333; MA20_prev=5180.75
2393,億光,True,2026-10-07,68.0,63.885000000000005,64.35166666666666,63.660000000000004,True,True,False,True,88,FAIL,MA20_LE_MA60,Close=68.0; MA20=63.885000000000005; MA60=64.35166666666666; MA20_prev=63.660000000000004
2395,研華,True,2026-10-07,733.0,700.35,651.25,697.7,True,True,True,True,88,PASS,,Stage 1 四條件全部通過
2399,映泰,True,2026-10-07,49.95,47.89,44.005833333333335,47.7325,True,True,True,True,88,PASS,,Stage 1 四條件全部通過
2401,凌陽,True,2026-10-07,26.45,25.5825,26.31,25.5375,True,True,False,True,88,FAIL,MA20_LE_MA60,Close=26.45; MA20=25.5825; MA60=26.31; MA20_prev=25.5375
2406,國碩,True,2026-10-07,30.9,28.9875,29.96916666666667,28.805,True,True,False,True,88,FAIL,MA20_LE_MA60,Close=30.9; MA20=28.9875; MA60=29.96916666666667; MA20_prev=28.805
2409,友達,True,2026-10-07,37.95,33.677499999999995,28.37,33.214999999999996,True,True,True,True,88,PASS,,Stage 1 四條件全部通過
2412,中華電,True,2026-10-07,145.5,143.7,139.35,143.325,True,True,True,True,88,PASS,,Stage 1 四條件全部通過
2413,環科,True,2026-10-07,58.1,52.0775,45.60166666666667,51.589999999999996,True,True,True,True,88,PASS,,Stage 1 四條件全部通過
2421,建準,True,2026-10-07,171.5,165.35,151.93333333333334,165.35,True,True,True,False,88,FAIL,MA20_SLOPE_NOT_UP,Close=171.5; MA20=165.35; MA60=151.93333333333334; MA20_prev=165.35
2426,鼎元,True,2026-10-07,104.0,99.985,81.43583333333332,99.74,True,True,True,True,88,PASS,,Stage 1 四條件全部通過
2436,偉詮電,True,2026-10-07,72.4,70.61,65.26,70.575,True,True,True,True,88,PASS,,Stage 1 四條件全部通過
2441,超豐,True,2026-10-07,127.0,121.125,119.24499999999999,120.675,True,True,True,True,88,PASS,,Stage 1 四條件全部通過
2444,兆勁,True,2026-10-07,15.75,13.715,11.984166666666665,13.52,True,True,True,True,88,PASS,,Stage 1 四條件全部通過
2449,京元電子,True,2026-10-07,299.5,285.75,266.18333333333334,284.425,True,True,True,True,88,PASS,,Stage 1 四條件全部通過
2451,創見,True,2026-10-07,287.0,283.6,280.325,283.725,True,True,True,False,87,FAIL,MA20_SLOPE_NOT_UP,Close=287.0; MA20=283.6; MA60=280.325; MA20_prev=283.725
2464,盟立,True,2026-10-07,193.0,189.925,177.59166666666667,190.425,True,True,True,False,87,FAIL,MA20_SLOPE_NOT_UP,Close=193.0; MA20=189.925; MA60=177.59166666666667; MA20_prev=190.425
2466,冠西電,True,2026-10-07,180.5,119.955,106.95833333333333,115.955,True,True,True,True,87,PASS,,Stage 1 四條件全部通過
2468,華經,True,2026-10-07,41.85,41.964999999999996,36.97166666666667,41.5475,False,True,True,True,84,FAIL,CLOSE_LE_MA20,Close=41.85; MA20=41.964999999999996; MA60=36.97166666666667; MA20_prev=41.5475
2472,立隆電,True,2026-10-07,243.5,218.0,235.29166666666666,217.125,True,True,False,True,87,FAIL,MA20_LE_MA60,Close=243.5; MA20=218.0; MA60=235.29166666666666; MA20_prev=217.125
2474,可成,True,2026-10-07,199.0,206.4,200.00833333333333,206.875,False,False,True,False,87,FAIL,CLOSE_LE_MA20,Close=199.0; MA20=206.4; MA60=200.00833333333333; MA20_prev=206.875
2481,強茂,True,2026-10-07,178.5,167.125,150.65,166.1,True,True,True,True,87,PASS,,Stage 1 四條件全部通過
2483,百容,True,2026-10-07,38.85,33.707499999999996,36.615,33.417500000000004,True,True,False,True,82,FAIL,MA20_LE_MA60,Close=38.85; MA20=33.707499999999996; MA60=36.615; MA20_prev=33.417500000000004
2484,希華,True,2026-10-07,87.1,74.37,73.26,73.53,True,True,True,True,87,PASS,,Stage 1 四條件全部通過
2485,兆赫,True,2026-10-07,43.7,40.32,41.15916666666667,40.17,True,True,False,True,87,FAIL,MA20_LE_MA60,Close=43.7; MA20=40.32; MA60=41.15916666666667; MA20_prev=40.17
2486,一詮,True,2026-10-07,240.0,238.275,236.675,239.0,True,True,True,False,87,FAIL,MA20_SLOPE_NOT_UP,Close=240.0; MA20=238.275; MA60=236.675; MA20_prev=239.0
2489,瑞軒,True,2026-10-07,41.4,40.61,36.165,40.585,True,True,True,True,87,PASS,,Stage 1 四條件全部通過
2492,華新科,True,2026-10-07,428.0,325.9,297.59166666666664,320.65,True,True,True,True,87,PASS,,Stage 1 四條件全部通過
2498,宏達電,True,2026-10-07,42.3,41.0925,40.90833333333333,41.027499999999996,True,True,True,True,87,PASS,,Stage 1 四條件全部通過
2542,興富發,True,2026-10-07,38.8,43.04,44.775,43.5,False,False,False,False,87,FAIL,CLOSE_LE_MA20,Close=38.8; MA20=43.04; MA60=44.775; MA20_prev=43.5
2603,長榮,True,2026-10-07,232.5,237.525,224.8,237.55,False,True,True,False,87,FAIL,CLOSE_LE_MA20,Close=232.5; MA20=237.525; MA60=224.8; MA20_prev=237.55
2606,裕民,True,2026-10-07,74.5,76.075,70.54666666666667,76.28,False,True,True,False,87,FAIL,CLOSE_LE_MA20,Close=74.5; MA20=76.075; MA60=70.54666666666667; MA20_prev=76.28
2615,萬海,True,2026-10-07,111.5,113.9,102.25833333333334,114.05,False,True,True,False,87,FAIL,CLOSE_LE_MA20,Close=111.5; MA20=113.9; MA60=102.25833333333334; MA20_prev=114.05
2618,長榮航,True,2026-10-07,41.95,42.055,42.14,42.0625,False,False,False,False,87,FAIL,CLOSE_LE_MA20,Close=41.95; MA20=42.055; MA60=42.14; MA20_prev=42.0625
2633,台灣高鐵,True,2026-10-07,25.75,25.8,25.940833333333334,25.8125,False,False,False,False,87,FAIL,CLOSE_LE_MA20,Close=25.75; MA20=25.8; MA60=25.940833333333334; MA20_prev=25.8125
2634,漢翔,True,2026-10-07,63.6,64.015,64.92166666666667,64.15,False,False,False,False,87,FAIL,CLOSE_LE_MA20,Close=63.6; MA20=64.015; MA60=64.92166666666667; MA20_prev=64.15
2637,慧洋-KY,True,2026-10-07,96.8,99.425,91.79166666666667,99.545,False,True,True,False,87,FAIL,CLOSE_LE_MA20,Close=96.8; MA20=99.425; MA60=91.79166666666667; MA20_prev=99.545
2646,星宇航空,True,2026-10-07,20.1,20.2275,20.809166666666666,20.2475,False,False,False,False,87,FAIL,CLOSE_LE_MA20,Close=20.1; MA20=20.2275; MA60=20.809166666666666; MA20_prev=20.2475
2801,彰銀,True,2026-10-07,27.75,27.892500000000002,25.5375,27.830000000000002,False,True,True,True,87,FAIL,CLOSE_LE_MA20,Close=27.75; MA20=27.892500000000002; MA60=25.5375; MA20_prev=27.830000000000002
2834,臺企銀,True,2026-10-07,17.55,17.9025,17.403333333333332,17.884999999999998,False,True,True,True,87,FAIL,CLOSE_LE_MA20,Close=17.55; MA20=17.9025; MA60=17.403333333333332; MA20_prev=17.884999999999998
2881,富邦金,True,2026-10-07,155.5,151.525,138.34166666666667,151.225,True,True,True,True,87,PASS,,Stage 1 四條件全部通過
2882,國泰金,True,2026-10-07,113.0,111.525,104.29166666666667,111.6,True,True,True,False,87,FAIL,MA20_SLOPE_NOT_UP,Close=113.0; MA20=111.525; MA60=104.29166666666667; MA20_prev=111.6
2883,凱基金,True,2026-10-07,38.5,38.385000000000005,33.78666666666667,38.3075,True,True,True,True,87,PASS,,Stage 1 四條件全部通過
2884,玉山金,True,2026-10-07,45.75,45.655,40.46083333333333,45.545,True,True,True,True,87,PASS,,Stage 1 四條件全部通過
2885,元大金,True,2026-10-07,70.0,69.31,66.92833333333333,69.32000000000001,True,True,True,False,87,FAIL,MA20_SLOPE_NOT_UP,Close=70.0; MA20=69.31; MA60=66.92833333333333; MA20_prev=69.32000000000001
2886,兆豐金,True,2026-10-07,49.8,50.275,49.15916666666667,50.295,False,True,True,False,87,FAIL,CLOSE_LE_MA20,Close=49.8; MA20=50.275; MA60=49.15916666666667; MA20_prev=50.295
2887,台新新光金,True,2026-10-07,42.15,42.5975,38.498333333333335,42.545,False,True,True,True,87,FAIL,CLOSE_LE_MA20,Close=42.15; MA20=42.5975; MA60=38.498333333333335; MA20_prev=42.545
2889,國票金,True,2026-10-07,16.3,16.65,16.015833333333333,16.6575,False,True,True,False,87,FAIL,CLOSE_LE_MA20,Close=16.3; MA20=16.65; MA60=16.015833333333333; MA20_prev=16.6575
2890,永豐金,True,2026-10-07,44.65,44.5175,41.419999999999995,44.415,True,True,True,True,87,PASS,,Stage 1 四條件全部通過
2891,中信金,True,2026-10-07,68.7,68.635,66.04,68.57000000000001,True,True,True,True,88,PASS,,Stage 1 四條件全部通過
2892,第一金,True,2026-10-07,38.9,39.075,36.0775,38.995,False,True,True,True,88,FAIL,CLOSE_LE_MA20,Close=38.9; MA20=39.075; MA60=36.0775; MA20_prev=38.995
2897,王道銀行,True,2026-10-07,10.65,10.9625,10.533333333333333,10.9675,False,True,True,False,88,FAIL,CLOSE_LE_MA20,Close=10.65; MA20=10.9625; MA60=10.533333333333333; MA20_prev=10.9675
2912,統一超,True,2026-10-07,213.5,214.375,222.15,214.45,False,False,False,False,88,FAIL,CLOSE_LE_MA20,Close=213.5; MA20=214.375; MA60=222.15; MA20_prev=214.45
3006,晶豪科,True,2026-10-07,270.5,283.425,256.175,284.75,False,True,True,False,88,FAIL,CLOSE_LE_MA20,Close=270.5; MA20=283.425; MA60=256.175; MA20_prev=284.75
3014,聯陽,True,2026-10-07,149.0,137.875,132.8,137.025,True,True,True,True,88,PASS,,Stage 1 四條件全部通過
3017,奇鋐,True,2026-10-07,3545.0,3407.0,2987.5833333333335,3400.75,True,True,True,True,88,PASS,,Stage 1 四條件全部通過
3019,亞光,True,2026-10-07,138.0,137.2,136.53333333333333,137.4,True,True,True,False,88,FAIL,MA20_SLOPE_NOT_UP,Close=138.0; MA20=137.2; MA60=136.53333333333333; MA20_prev=137.4
3026,禾伸堂,True,2026-10-07,839.0,785.65,690.7583333333333,782.25,True,True,True,True,88,PASS,,Stage 1 四條件全部通過
3031,佰鴻,True,2026-10-07,33.5,28.152499999999996,25.235,27.7075,True,True,True,True,88,PASS,,Stage 1 四條件全部通過
3033,威健,True,2026-10-07,41.7,41.894999999999996,45.42583333333334,41.9725,False,False,False,False,88,FAIL,CLOSE_LE_MA20,Close=41.7; MA20=41.894999999999996; MA60=45.42583333333334; MA20_prev=41.9725
3034,聯詠,True,2026-10-07,529.0,544.45,527.6083333333333,545.0,False,True,True,False,88,FAIL,CLOSE_LE_MA20,Close=529.0; MA20=544.45; MA60=527.6083333333333; MA20_prev=545.0
3036,文曄,True,2026-10-07,215.5,202.85,202.225,201.7,True,True,True,True,88,PASS,,Stage 1 四條件全部通過
3037,欣興,True,2026-10-07,1305.0,1100.3,1002.65,1082.5,True,True,True,True,88,PASS,,Stage 1 四條件全部通過
3042,晶技,True,2026-10-07,210.5,194.65,181.10833333333332,192.95,True,True,True,True,88,PASS,,Stage 1 四條件全部通過
3044,健鼎,True,2026-10-07,582.0,525.375,466.39166666666665,520.925,True,True,True,True,88,PASS,,Stage 1 四條件全部通過
3049,精金,True,2026-10-07,12.2,12.2775,11.7485,12.305,False,True,True,False,88,FAIL,CLOSE_LE_MA20,Close=12.2; MA20=12.2775; MA60=11.7485; MA20_prev=12.305
3062,建漢,True,2026-10-07,22.35,21.615000000000002,21.06833333333333,21.5225,True,True,True,True,88,PASS,,Stage 1 四條件全部通過
3081,聯亞,True,2026-10-07,3140.0,2812.5,2540.0833333333335,2809.0,True,True,True,True,88,PASS,,Stage 1 四條件全部通過
3090,日電貿,True,2026-10-07,174.0,166.1,166.83333333333334,165.975,True,True,False,True,88,FAIL,MA20_LE_MA60,Close=174.0; MA20=166.1; MA60=166.83333333333334; MA20_prev=165.975
3149,正達,True,2026-10-07,77.1,66.74,67.89666666666668,65.925,True,True,False,True,88,FAIL,MA20_LE_MA60,Close=77.1; MA20=66.74; MA60=67.89666666666668; MA20_prev=65.925
3189,景碩,True,2026-10-07,1100.0,908.25,831.7,893.9,True,True,True,True,88,PASS,,Stage 1 四條件全部通過
3231,緯創,True,2026-10-07,185.0,185.4,179.775,186.0,False,True,True,False,88,FAIL,CLOSE_LE_MA20,Close=185.0; MA20=185.4; MA60=179.775; MA20_prev=186.0
3234,光環,True,2026-10-07,191.0,179.95,151.01000000000002,180.375,True,True,True,False,88,FAIL,MA20_SLOPE_NOT_UP,Close=191.0; MA20=179.95; MA60=151.01000000000002; MA20_prev=180.375
3363,上詮,True,2026-10-07,679.0,669.05,627.4833333333333,671.25,True,True,True,False,88,FAIL,MA20_SLOPE_NOT_UP,Close=679.0; MA20=669.05; MA60=627.4833333333333; MA20_prev=671.25
3376,新日興,True,2026-10-07,169.0,179.05,186.95,180.925,False,False,False,False,87,FAIL,CLOSE_LE_MA20,Close=169.0; MA20=179.05; MA60=186.95; MA20_prev=180.925
3406,玉晶光,True,2026-10-07,1085.0,980.5,760.2083333333334,975.6,True,True,True,True,87,PASS,,Stage 1 四條件全部通過
3443,創意,True,2026-10-07,8460.0,7329.25,5691.666666666667,7203.0,True,True,True,True,82,PASS,,Stage 1 四條件全部通過
3481,群創,True,2026-10-07,52.5,50.0675,49.36666666666667,49.94,True,True,True,True,87,PASS,,Stage 1 四條件全部通過
3490,單井,True,2026-10-07,45.65,44.7475,39.59916666666666,44.7725,True,True,True,False,87,FAIL,MA20_SLOPE_NOT_UP,Close=45.65; MA20=44.7475; MA60=39.59916666666666; MA20_prev=44.7725
3532,台勝科,True,2026-10-07,513.0,445.15,395.275,439.65,True,True,True,True,87,PASS,,Stage 1 四條件全部通過
3576,聯合再生,True,2026-10-07,18.6,17.595,17.473333333333336,17.517500000000002,True,True,True,True,87,PASS,,Stage 1 四條件全部通過
3605,宏致,True,2026-10-07,167.0,155.225,122.03833333333334,152.9,True,True,True,True,88,PASS,,Stage 1 四條件全部通過
3645,達邁,True,2026-10-07,74.3,71.725,70.08999999999999,71.6,True,True,True,True,88,PASS,,Stage 1 四條件全部通過
3665,貿聯-KY,True,2026-10-07,2315.0,2217.5,2157.1666666666665,2205.25,True,True,True,True,88,PASS,,Stage 1 四條件全部通過
3673,TPK-KY,True,2026-10-07,76.3,67.965,64.92166666666667,67.44,True,True,True,True,88,PASS,,Stage 1 四條件全部通過
3702,大聯大,True,2026-10-07,120.0,112.65,112.45166666666667,111.9,True,True,True,True,88,PASS,,Stage 1 四條件全部通過
3706,神達,True,2026-10-07,80.9,80.545,87.47666666666667,81.13,True,False,False,False,88,FAIL,CLOSE_LE_MA60,Close=80.9; MA20=80.545; MA60=87.47666666666667; MA20_prev=81.13
3714,富采,True,2026-10-07,67.4,66.205,59.986666666666665,66.19500000000001,True,True,True,True,88,PASS,,Stage 1 四條件全部通過
3715,定穎投控,True,2026-10-07,139.0,126.1,119.71333333333334,125.125,True,True,True,True,88,PASS,,Stage 1 四條件全部通過
3717,聯嘉投控,True,2026-10-07,27.45,24.6125,23.220833333333335,24.3325,True,True,True,True,88,PASS,,Stage 1 四條件全部通過
4551,智伸科,True,2026-10-07,187.0,166.925,169.08333333333334,165.95,True,True,False,True,88,FAIL,MA20_LE_MA60,Close=187.0; MA20=166.925; MA60=169.08333333333334; MA20_prev=165.95
4566,時碩工業,True,2026-10-07,77.3,68.85499999999999,68.56333333333333,68.17,True,True,True,True,88,PASS,,Stage 1 四條件全部通過
4720,德淵,True,2026-10-07,23.25,19.625,19.368333333333332,19.384999999999998,True,True,True,True,81,PASS,,Stage 1 四條件全部通過
4763,材料*-KY,True,2026-10-07,46.35,47.7325,48.5375,47.945,False,False,False,False,88,FAIL,CLOSE_LE_MA20,Close=46.35; MA20=47.7325; MA60=48.5375; MA20_prev=47.945
4764,雙鍵,True,2026-10-07,206.5,201.975,236.71666666666667,203.05,True,False,False,False,88,FAIL,CLOSE_LE_MA60,Close=206.5; MA20=201.975; MA60=236.71666666666667; MA20_prev=203.05
4903,聯光通,True,2026-10-07,46.75,39.6575,37.80083333333334,39.144999999999996,True,True,True,True,88,PASS,,Stage 1 四條件全部通過
4904,遠傳,True,2026-10-07,106.0,105.325,103.19,105.125,True,True,True,True,88,PASS,,Stage 1 四條件全部通過
4906,正文,True,2026-10-07,42.2,38.4675,36.288333333333334,38.197500000000005,True,True,True,True,88,PASS,,Stage 1 四條件全部通過
4915,致伸,True,2026-10-07,62.9,63.845000000000006,62.81666666666667,63.71,False,True,True,True,88,FAIL,CLOSE_LE_MA20,Close=62.9; MA20=63.845000000000006; MA60=62.81666666666667; MA20_prev=63.71
4919,新唐,True,2026-10-07,159.5,131.55,128.45,129.7,True,True,True,True,88,PASS,,Stage 1 四條件全部通過
4938,和碩,True,2026-10-07,90.0,90.255,88.70333333333333,90.435,False,True,True,False,88,FAIL,CLOSE_LE_MA20,Close=90.0; MA20=90.255; MA60=88.70333333333333; MA20_prev=90.435
4956,光鋐,True,2026-10-07,42.8,40.4975,34.608333333333334,40.1125,True,True,True,True,88,PASS,,Stage 1 四條件全部通過
4958,臻鼎-KY,True,2026-10-07,595.0,506.75,490.21666666666664,502.05,True,True,True,True,88,PASS,,Stage 1 四條件全部通過
4960,誠美材,True,2026-10-07,24.15,22.36,21.506666666666668,22.2025,True,True,True,True,88,PASS,,Stage 1 四條件全部通過
4989,榮科,True,2026-10-07,73.7,62.15,64.33833333333334,61.55499999999999,True,True,False,True,88,FAIL,MA20_LE_MA60,Close=73.7; MA20=62.15; MA60=64.33833333333334; MA20_prev=61.55499999999999
4991,環宇-KY,True,2026-10-07,518.0,476.775,459.73333333333335,475.575,True,True,True,True,88,PASS,,Stage 1 四條件全部通過
5475,德宏,True,2026-10-07,193.0,180.775,165.58333333333334,180.825,True,True,True,False,88,FAIL,MA20_SLOPE_NOT_UP,Close=193.0; MA20=180.775; MA60=165.58333333333334; MA20_prev=180.825
5608,四維航,True,2026-10-07,16.55,16.895,15.636666666666667,16.932499999999997,False,True,True,False,88,FAIL,CLOSE_LE_MA20,Close=16.55; MA20=16.895; MA60=15.636666666666667; MA20_prev=16.932499999999997
5864,致和證,True,2026-10-07,39.4,36.83,34.39,36.722500000000004,True,True,True,True,88,PASS,,Stage 1 四條件全部通過
5871,中租-KY,True,2026-10-07,106.0,109.5,112.96666666666667,109.825,False,False,False,False,88,FAIL,CLOSE_LE_MA20,Close=106.0; MA20=109.5; MA60=112.96666666666667; MA20_prev=109.825
5876,上海商銀,True,2026-10-07,49.5,49.055,45.87166666666667,48.927499999999995,True,True,True,True,88,PASS,,Stage 1 四條件全部通過
6005,群益證,True,2026-10-07,32.55,31.994999999999997,32.37416666666667,32.0025,True,True,False,False,88,FAIL,MA20_LE_MA60,Close=32.55; MA20=31.994999999999997; MA60=32.37416666666667; MA20_prev=32.0025
6015,宏遠證,True,2026-10-07,17.8,17.5575,16.518333333333334,17.509999999999998,True,True,True,True,88,PASS,,Stage 1 四條件全部通過
6016,康和證,True,2026-10-07,24.0,23.2825,21.915833333333335,23.1875,True,True,True,True,88,PASS,,Stage 1 四條件全部通過
6108,競國,True,2026-10-07,25.95,23.9975,21.456666666666667,23.8475,True,True,True,True,88,PASS,,Stage 1 四條件全部通過
6116,彩晶,True,2026-10-07,15.5,14.865,14.331666666666667,14.8,True,True,True,True,88,PASS,,Stage 1 四條件全部通過
6120,達運,True,2026-10-07,14.0,13.007499999999999,12.921666666666665,12.925,True,True,True,True,88,PASS,,Stage 1 四條件全部通過
6133,金橋,True,2026-10-07,26.95,26.205000000000002,23.3675,26.097500000000004,True,True,True,True,88,PASS,,Stage 1 四條件全部通過
6139,亞翔,True,2026-10-07,787.0,741.1,767.6833333333333,738.7,True,True,False,True,88,FAIL,MA20_LE_MA60,Close=787.0; MA20=741.1; MA60=767.6833333333333; MA20_prev=738.7
6141,柏承,True,2026-10-07,53.4,50.989999999999995,44.66583333333333,50.915,True,True,True,True,88,PASS,,Stage 1 四條件全部通過
6148,驊宏資,True,2026-10-07,37.1,35.97,30.834166666666665,35.5375,True,True,True,True,88,PASS,,Stage 1 四條件全部通過
6153,嘉聯益,True,2026-10-07,18.0,17.482499999999998,16.945,17.45,True,True,True,True,88,PASS,,Stage 1 四條件全部通過
6155,鈞寶,True,2026-10-07,71.5,60.765,58.34583333333333,60.1,True,True,True,True,88,PASS,,Stage 1 四條件全部通過
6168,宏齊,True,2026-10-07,41.45,38.5325,29.765,37.93,True,True,True,True,84,PASS,,Stage 1 四條件全部通過
6174,安碁,True,2026-10-07,58.2,46.64,45.594166666666666,46.0,True,True,True,True,83,PASS,,Stage 1 四條件全部通過
6196,帆宣,True,2026-10-07,670.0,562.15,525.2916666666666,554.35,True,True,True,True,88,PASS,,Stage 1 四條件全部通過
6209,今國光,True,2026-10-07,90.9,80.905,75.05666666666666,80.315,True,True,True,True,88,PASS,,Stage 1 四條件全部通過
6213,聯茂,True,2026-10-07,796.0,588.4,475.275,574.25,True,True,True,True,88,PASS,,Stage 1 四條件全部通過
6218,豪勉,True,2026-10-07,60.8,56.75,43.31333333333334,55.9375,True,True,True,True,82,PASS,,Stage 1 四條件全部通過
6226,光鼎,True,2026-10-07,43.45,40.485,29.35666666666667,39.9325,True,True,True,True,84,PASS,,Stage 1 四條件全部通過
6239,力成,True,2026-10-07,307.5,286.5,277.90833333333336,285.125,True,True,True,True,88,PASS,,Stage 1 四條件全部通過
6257,矽格,True,2026-10-07,278.0,238.15,217.99166666666667,234.9,True,True,True,True,88,PASS,,Stage 1 四條件全部通過
6269,台郡,True,2026-10-07,65.3,65.225,63.080000000000005,65.35,True,True,True,False,88,FAIL,MA20_SLOPE_NOT_UP,Close=65.3; MA20=65.225; MA60=63.080000000000005; MA20_prev=65.35
6271,同欣電,True,2026-10-07,241.5,228.625,208.325,228.175,True,True,True,True,88,PASS,,Stage 1 四條件全部通過
6278,台表科,True,2026-10-07,250.5,204.5,183.05833333333334,201.725,True,True,True,True,88,PASS,,Stage 1 四條件全部通過
6282,康舒,True,2026-10-07,44.05,43.185,45.41416666666667,43.2,True,False,False,False,88,FAIL,CLOSE_LE_MA60,Close=44.05; MA20=43.185; MA60=45.41416666666667; MA20_prev=43.2
6285,啟碁,True,2026-10-07,257.5,233.825,239.49166666666667,232.925,True,True,False,True,88,FAIL,MA20_LE_MA60,Close=257.5; MA20=233.825; MA60=239.49166666666667; MA20_prev=232.925
6415,矽力*-KY,True,2026-10-07,456.5,421.65,437.03333333333336,419.725,True,True,False,True,88,FAIL,MA20_LE_MA60,Close=456.5; MA20=421.65; MA60=437.03333333333336; MA20_prev=419.725
6426,統新,True,2026-10-07,347.5,344.85,254.16666666666666,342.275,True,True,True,True,88,PASS,,Stage 1 四條件全部通過
6442,光聖,True,2026-10-07,1815.0,1598.5,1502.5833333333333,1592.75,True,True,True,True,81,PASS,,Stage 1 四條件全部通過
6446,藥華藥,True,2026-10-07,1205.0,1214.0,1276.6666666666667,1220.0,False,False,False,False,88,FAIL,CLOSE_LE_MA20,Close=1205.0; MA20=1214.0; MA60=1276.6666666666667; MA20_prev=1220.0
6456,GIS-KY,True,2026-10-07,102.0,77.09,69.33333333333333,75.42999999999999,True,True,True,True,88,PASS,,Stage 1 四條件全部通過
6505,台塑化,True,2026-10-07,107.0,89.94500000000001,79.49,88.58,True,True,True,True,88,PASS,,Stage 1 四條件全部通過
6526,達發,True,2026-10-07,786.0,735.45,642.6333333333333,728.35,True,True,True,True,88,PASS,,Stage 1 四條件全部通過
6531,愛普*,True,2026-10-07,1000.0,969.4,894.6833333333333,967.4,True,True,True,True,88,PASS,,Stage 1 四條件全部通過
6668,中揚光,True,2026-10-07,50.2,45.8925,39.94916666666666,45.427499999999995,True,True,True,True,88,PASS,,Stage 1 四條件全部通過
6669,緯穎,True,2026-10-07,2240.0,2194.75,4469.833333333333,2207.25,True,False,False,False,88,FAIL,CLOSE_LE_MA60,Close=2240.0; MA20=2194.75; MA60=4469.833333333333; MA20_prev=2207.25
6706,惠特,True,2026-10-07,154.0,145.45,125.40666666666667,143.925,True,True,True,True,88,PASS,,Stage 1 四條件全部通過
6770,力積電,True,2026-10-07,72.6,72.63,68.8875,72.64500000000001,False,True,True,False,88,FAIL,CLOSE_LE_MA20,Close=72.6; MA20=72.63; MA60=68.8875; MA20_prev=72.64500000000001
6834,天二科技,True,2026-10-07,125.0,111.1,99.815,109.7,True,True,True,True,88,PASS,,Stage 1 四條件全部通過
6901,鑽石投資,True,2026-10-07,17.15,15.95,16.549166666666668,15.84,True,True,False,True,88,FAIL,MA20_LE_MA60,Close=17.15; MA20=15.95; MA60=16.549166666666668; MA20_prev=15.84
6919,康霈*,True,2026-10-07,78.1,80.895,95.7,81.25,False,False,False,False,88,FAIL,CLOSE_LE_MA20,Close=78.1; MA20=80.895; MA60=95.7; MA20_prev=81.25
6933,AMAX-KY,True,2026-10-07,385.5,347.125,247.81666666666666,343.5,True,True,True,True,88,PASS,,Stage 1 四條件全部通過
6949,沛爾生醫*-創,True,,,,,,,,,,81,UNKNOWN,HISTORY_MISSING,"2026-08-27,2026-08-28,2026-08-31,2026-09-01,2026-09-02,2026-09-03,2026-09-04"
7788,松川精密,True,2026-10-07,329.0,300.6,268.98333333333335,299.975,True,True,True,True,81,PASS,,Stage 1 四條件全部通過
8027,鈦昇,True,2026-10-07,208.5,187.45,186.0,186.3,True,True,True,True,88,PASS,,Stage 1 四條件全部通過
8028,昇陽半導體,True,2026-10-07,285.0,256.95,264.1333333333333,255.175,True,True,False,True,88,FAIL,MA20_LE_MA60,Close=285.0; MA20=256.95; MA60=264.1333333333333; MA20_prev=255.175
8033,雷虎,True,2026-10-07,174.0,171.75,184.15,171.9,True,False,False,False,88,FAIL,CLOSE_LE_MA60,Close=174.0; MA20=171.75; MA60=184.15; MA20_prev=171.9
8039,台虹,True,2026-10-07,304.5,279.05,257.825,280.175,True,True,True,False,88,FAIL,MA20_SLOPE_NOT_UP,Close=304.5; MA20=279.05; MA60=257.825; MA20_prev=280.175
8046,南電,True,2026-10-07,1480.0,1217.0,1171.75,1195.5,True,True,True,True,88,PASS,,Stage 1 四條件全部通過
8103,瀚荃,True,2026-10-07,118.0,120.2,99.75166666666668,120.475,False,True,True,False,88,FAIL,CLOSE_LE_MA20,Close=118.0; MA20=120.2; MA60=99.75166666666668; MA20_prev=120.475
8110,華東,True,2026-10-07,49.5,46.4925,44.780833333333334,46.21,True,True,True,True,88,PASS,,Stage 1 四條件全部通過
8112,至上,True,2026-10-07,83.7,83.885,87.2,84.22,False,False,False,False,88,FAIL,CLOSE_LE_MA20,Close=83.7; MA20=83.885; MA60=87.2; MA20_prev=84.22
8215,明基材,True,2026-10-07,27.95,27.29,25.506666666666668,27.160000000000004,True,True,True,True,88,PASS,,Stage 1 四條件全部通過
8261,富鼎,True,2026-10-07,191.0,177.225,191.71666666666667,176.725,True,False,False,True,88,FAIL,CLOSE_LE_MA60,Close=191.0; MA20=177.225; MA60=191.71666666666667; MA20_prev=176.725
8422,可寧衛*,True,2026-10-07,25.6,25.857499999999998,26.177500000000002,25.880000000000003,False,False,False,False,88,FAIL,CLOSE_LE_MA20,Close=25.6; MA20=25.857499999999998; MA60=26.177500000000002; MA20_prev=25.880000000000003
8926,台汽電,True,2026-10-07,60.3,58.71,59.535,58.589999999999996,True,True,False,True,88,FAIL,MA20_LE_MA60,Close=60.3; MA20=58.71; MA60=59.535; MA20_prev=58.589999999999996
9105,泰金寶-DR,True,2026-10-07,8.89,8.503499999999999,8.433166666666667,8.5015,True,True,True,True,88,PASS,,Stage 1 四條件全部通過
9904,寶成,True,2026-10-07,24.95,24.615000000000002,24.4825,24.5975,True,True,True,True,88,PASS,,Stage 1 四條件全部通過
9933,中鼎,True,2026-10-07,43.55,41.9925,40.60333333333333,41.83,True,True,True,True,88,PASS,,Stage 1 四條件全部通過
9945,潤泰新,True,2026-10-07,29.3,28.755000000000003,27.948333333333334,28.685000000000002,True,True,True,True,88,PASS,,Stage 1 四條件全部通過
